task,model_id,baseline_id,control_family,analysis_role,added_feature_set,mean_delta_r2,sd_delta_r2,r2_wins_out_of_5,mean_delta_rmse,sd_delta_rmse,rmse_wins_out_of_5,mean_delta_mae,sd_delta_mae,mae_wins_out_of_5,pooled_delta_r2,pooled_delta_rmse,pooled_delta_mae
EPC,EPC_controls_sparse__plus__construction_age,EPC_controls_sparse,EPC_control_ablation,control_ablation,construction_age,0.42227700103621035,0.04284190746718159,5,-2.183665561305882,0.3383541127519307,5,-1.7886552831320437,0.21738796369319024,5,0.41953594374940295,-2.175548777722037,-1.7886245650520434
EPC,EPC_controls_sparse__plus__floor_area,EPC_controls_sparse,EPC_control_ablation,control_ablation,floor_area,0.0028046410143588384,0.004338971000360352,3,-0.011992108247553545,0.01858251353926879,3,-0.0197448015302518,0.009970224673484879,5,0.0025944446616636974,-0.011470853502501654,-0.01973282611307603
EPC,EPC_controls_extensive,EPC_controls_sparse,EPC_extensive,control_ablation_and_extensive_baseline,floor_area_plus_construction_age,0.42228704996630206,0.042602593549347166,5,-2.183523558776559,0.3362014492952047,5,-1.794127269750262,0.21513984483832488,5,0.4194992937279248,-2.175318755588326,-1.7941397577626597
EPC,EPC_controls_extensive__plus__TESSERA,EPC_controls_extensive,EPC_extensive,single_representation,TESSERA,0.005846216519374581,0.0033092334688476634,5,-0.037329777808033884,0.023207655365811812,5,-0.019970355730799038,0.023375222973453333,4,0.0057688126020951636,-0.03633292267952637,-0.019912075882885905
EPC,EPC_controls_extensive__plus__Location_and_EO,EPC_controls_extensive,EPC_extensive,theory_fusion,Location_and_EO,0.0036755267496205724,0.005363032624100518,3,-0.023592234928743138,0.03320741687056298,3,-0.009650896257333574,0.031433296204937,3,0.0036224207670554343,-0.02278464820074344,-0.00922025285184258
EPC,EPC_controls_extensive__plus__StreetView_metadata_only,EPC_controls_extensive,EPC_extensive,coverage_metadata,StreetView_metadata_only,0.0008569168913432734,0.0006731736573141824,5,-0.005449299688392628,0.004473116577018051,5,-0.0004319496717354987,0.006057700349026605,3,0.0008651583235451676,-0.005432621922869529,-0.00038806631475196696
EPC,EPC_controls_extensive__plus__SatCLIP,EPC_controls_extensive,EPC_extensive,single_representation,SatCLIP,-7.014029397355293e-05,0.000732945627817702,3,0.0002098906990145366,0.00452290199982498,3,0.002141716412235528,0.005993060993485805,2,-7.895165031612805e-05,0.0004954800194356679,0.0022467070991947224
EPC,EPC_controls_extensive__plus__AlphaEarth,EPC_controls_extensive,EPC_extensive,single_representation,AlphaEarth,-0.0006091633029367216,0.00206804943123417,3,0.003751057110305922,0.012098605240121922,3,0.004349140505030835,0.007192759906414673,2,-0.0005917573320297631,0.003712560465681136,0.004444555158826802
EPC,EPC_controls_extensive__plus__DINOv2,EPC_controls_extensive,EPC_extensive,single_representation,DINOv2,-0.0008219371055456226,0.0047171827733052596,3,0.004430982729607713,0.0276301276226619,3,0.021316427338640854,0.026219181970424877,1,-0.0008549097341479239,0.0053626678497291635,0.021346882617316876
EPC,EPC_controls_extensive__plus__Sky_and_space,EPC_controls_extensive,EPC_extensive,theory_fusion,Sky_and_space,-0.002344292335941378,0.0029147700325013208,1,0.013899406584880402,0.01907274148961375,1,0.03282985574415971,0.025535770564669116,1,-0.002319351406760095,0.014535916205004717,0.03292406502689049
EPC,EPC_controls_extensive__plus__StreetView_CLIP_plus_metadata,EPC_controls_extensive,EPC_extensive,single_representation_plus_metadata,StreetView_CLIP_plus_metadata,-0.0033476764518000192,0.0036561251435039185,1,0.021834526307340063,0.02469737779377392,1,0.029445983437834576,0.010020619546949452,0,-0.003496773936825681,0.021899529616703717,0.029466454183007862
EPC,EPC_controls_extensive__plus__StreetView_CLIP_only,EPC_controls_extensive,EPC_extensive,single_representation,StreetView_CLIP_only,-0.0036572841366884546,0.004813049287690371,1,0.023618599545069684,0.03221053444043439,1,0.026870941661801328,0.012458519196766825,0,-0.0038446307780217737,0.02407303314008047,0.027123213329559803
EPC,EPC_controls_extensive__plus__Street_and_sky,EPC_controls_extensive,EPC_extensive,theory_fusion,Street_and_sky,-0.010357840471666014,0.006322813183319151,0,0.06420603445024557,0.03911261777459597,0,0.07429857600149656,0.028487187851175266,0,-0.010407780219254148,0.06491229204759197,0.07444017012196591
EPC,EPC_controls_extensive__plus__All_representations_without_SV_metadata,EPC_controls_extensive,EPC_extensive,full_fusion,All_representations_without_SV_metadata,-0.011340127662932542,0.004342695224354204,0,0.07031492563358252,0.0283667078421735,0,0.08379392743489271,0.030793263825890024,0,-0.011374439190497854,0.07090045859665306,0.08391663592143406
EPC,EPC_controls_extensive__plus__All_representations_plus_SV_metadata,EPC_controls_extensive,EPC_extensive,full_fusion_plus_metadata,All_representations_plus_SV_metadata,-0.011497617425853946,0.004024020235190092,0,0.07137756885813307,0.02626847463790767,0,0.08510158731573911,0.0296633165948048,0,-0.011527772551261917,0.07184968505458755,0.08518345073238898
EPC,EPC_controls_sparse__plus__All_representations_plus_SV_metadata,EPC_controls_sparse,EPC_sparse,full_fusion_plus_metadata,All_representations_plus_SV_metadata,0.23632728815468412,0.04692324239217069,5,-1.1281586438464364,0.27235327223670375,5,-0.9508324603255612,0.2066723071627351,5,0.2345075184189661,-1.1216377085267357,-0.9483804627901966
EPC,EPC_controls_sparse__plus__Sky_and_space,EPC_controls_sparse,EPC_sparse,theory_fusion,Sky_and_space,0.23480776025043643,0.0496312059285108,5,-1.1210284131696695,0.2875034796245486,5,-0.9490708574097326,0.21019048835144663,5,0.23309140676374862,-1.114258738462011,-0.9464778165066008
EPC,EPC_controls_sparse__plus__All_representations_without_SV_metadata,EPC_controls_sparse,EPC_sparse,full_fusion,All_representations_without_SV_metadata,0.2339361214560593,0.048347082693211585,5,-1.1159708156948307,0.27896001008291577,5,-0.943202819467406,0.21569257962627789,5,0.23210172625934666,-1.1091069660082704,-0.9405828263304921
EPC,EPC_controls_sparse__plus__Street_and_sky,EPC_controls_sparse,EPC_sparse,theory_fusion,Street_and_sky,0.20787938708496667,0.04667353703948415,5,-0.9819133109735823,0.25846059114375597,5,-0.8653391443371736,0.18375623511759454,5,0.20607828228024827,-0.9751366988226877,-0.8628078312847043
EPC,EPC_controls_sparse__plus__DINOv2,EPC_controls_sparse,EPC_sparse,single_representation,DINOv2,0.20325392826666722,0.048230810571689584,5,-0.9595375952739922,0.2676986924290079,5,-0.8582437505096069,0.17684777868725723,5,0.20177376843132055,-0.953247350041674,-0.856206274282675
EPC,EPC_controls_sparse__plus__Location_and_EO,EPC_controls_sparse,EPC_sparse,theory_fusion,Location_and_EO,0.15548119124675902,0.05030915222200697,5,-0.7233199599924388,0.2648660855565991,5,-0.5746422246177225,0.20871601771170067,5,0.15457211744240218,-0.7179572078419643,-0.5723299407718594
EPC,EPC_controls_sparse__plus__TESSERA,EPC_controls_sparse,EPC_sparse,single_representation,TESSERA,0.13015176848389018,0.04542234012013001,5,-0.6005103962424363,0.2353019569224644,5,-0.45342777574012416,0.17623085242796604,5,0.12967141382520908,-0.5971362986823099,-0.45268743562258784
EPC,EPC_controls_sparse__plus__StreetView_CLIP_plus_metadata,EPC_controls_sparse,EPC_sparse,single_representation_plus_metadata,StreetView_CLIP_plus_metadata,0.12668425945677386,0.028533112212975706,5,-0.5791539326472332,0.14155828164773876,5,-0.5412817475292131,0.09311520874334495,5,0.1250653808441884,-0.5750235629772984,-0.5385891433606016
EPC,EPC_controls_sparse__plus__StreetView_CLIP_only,EPC_controls_sparse,EPC_sparse,single_representation,StreetView_CLIP_only,0.10788817474470877,0.020280970797649896,5,-0.48881324887521044,0.09460628611433931,5,-0.48720364516465364,0.08071106155668793,5,0.10630094414082658,-0.48567535743881063,-0.48484788904842535
EPC,EPC_controls_sparse__plus__AlphaEarth,EPC_controls_sparse,EPC_sparse,single_representation,AlphaEarth,0.07307325694331844,0.028994374025692556,5,-0.3305648582230113,0.1426450170391082,5,-0.2857516960552486,0.13570124497319128,5,0.07277362955956446,-0.3288639255160266,-0.2841767895489866
EPC,EPC_controls_sparse__plus__StreetView_metadata_only,EPC_controls_sparse,EPC_sparse,coverage_metadata,StreetView_metadata_only,0.032941493967903954,0.014836926481774091,5,-0.14661671971321882,0.0688854688576847,5,-0.11697146907607703,0.05557414427960878,5,0.03260725440930512,-0.14549496111853788,-0.11554135579352476
EPC,EPC_controls_sparse__plus__SatCLIP,EPC_controls_sparse,EPC_sparse,single_representation,SatCLIP,0.0032340481975657643,0.009348418509164623,4,-0.014094544280212418,0.039810329125726296,4,-0.011380360226054442,0.04862119239821568,4,0.002954056998296317,-0.013062228142836751,-0.011039605802207753
PTAL,PTAL_spatial_baseline__plus__All_representations_plus_SV_metadata,PTAL_spatial_baseline,PTAL_spatial,full_fusion_plus_metadata,All_representations_plus_SV_metadata,0.291650640367751,0.09365275636941335,5,-2.4184599549585344,1.011144398537203,5,-1.5976030778484391,0.7306147874082471,5,0.3024119730237129,-2.4804354785951777,-1.6003298366358347
PTAL,PTAL_spatial_baseline__plus__All_representations_without_SV_metadata,PTAL_spatial_baseline,PTAL_spatial,full_fusion,All_representations_without_SV_metadata,0.28784499202552183,0.09366107017637196,5,-2.382515592334491,1.0052666531942753,5,-1.5473563694621697,0.7184664914682345,5,0.2988647164486644,-2.4452049652060532,-1.5501459977294099
PTAL,PTAL_spatial_baseline__plus__Street_and_sky,PTAL_spatial_baseline,PTAL_spatial,theory_fusion,Street_and_sky,0.2759218685881797,0.0915088545450523,5,-2.256345093987311,0.9483065849189306,5,-1.4803361309664242,0.6815232494120099,5,0.28558033182700504,-2.3151220997038484,-1.4829752578886608
PTAL,PTAL_spatial_baseline__plus__StreetView_CLIP_plus_metadata,PTAL_spatial_baseline,PTAL_spatial,single_representation_plus_metadata,StreetView_CLIP_plus_metadata,0.2619164094360774,0.09022710027347267,5,-2.1264157493482787,0.9200330452566217,5,-1.5359771178373656,0.660835959486574,5,0.27135686754984556,-2.1789271363299516,-1.5386316125180866
PTAL,PTAL_spatial_baseline__plus__Sky_and_space,PTAL_spatial_baseline,PTAL_spatial,theory_fusion,Sky_and_space,0.24758820308282523,0.09085702458385221,5,-2.008844138658886,0.9439410022836547,5,-1.323668414864699,0.7819687103453162,5,0.2601586560806458,-2.0738091398759497,-1.3267534339267302
PTAL,PTAL_spatial_baseline__plus__StreetView_CLIP_only,PTAL_spatial_baseline,PTAL_spatial,single_representation,StreetView_CLIP_only,0.21572657729782904,0.09958291706898656,5,-1.7401614758791826,0.945405489419076,5,-1.067359619789101,0.6056029139060379,5,0.22988267285747355,-1.7981622644184556,-1.0699064824517084
PTAL,PTAL_spatial_baseline__plus__Location_and_EO,PTAL_spatial_baseline,PTAL_spatial,theory_fusion,Location_and_EO,0.2116428834995236,0.12435282371367601,5,-1.7626691498360245,1.1596339685463386,5,-1.0908199093165667,0.8553254428552879,5,0.23394447469985857,-1.8344560795972296,-1.0938226284539736
PTAL,PTAL_spatial_baseline__plus__AlphaEarth,PTAL_spatial_baseline,PTAL_spatial,single_representation,AlphaEarth,0.2086878277976813,0.11561743432193339,5,-1.7270829185976602,1.0694840752086072,5,-1.0994480784151945,0.6624682150120096,5,0.22989887711361068,-1.7983066509305923,-1.102507060358394
PTAL,PTAL_spatial_baseline__plus__DINOv2,PTAL_spatial_baseline,PTAL_spatial,single_representation,DINOv2,0.20683198883866308,0.0768856921874749,5,-1.6271898179055193,0.7592289709970331,5,-1.0857606760796923,0.6729319902453419,5,0.21686373865854958,-1.683182404607428,-1.0888146538774226
PTAL,PTAL_spatial_baseline__plus__TESSERA,PTAL_spatial_baseline,PTAL_spatial,single_representation,TESSERA,0.07875073552349406,0.06707854907464648,5,-0.6114407267294422,0.5312552533906164,5,-0.36335469986930435,0.48537420480893667,3,0.0906003798796029,-0.6577375397012251,-0.3647648529292109
PTAL,PTAL_spatial_baseline__plus__StreetView_metadata_only,PTAL_spatial_baseline,PTAL_spatial,coverage_metadata,StreetView_metadata_only,0.06944710006139329,0.017243107303887024,5,-0.4905410447452505,0.1350857304834843,5,-0.4490371598257722,0.20920362941822926,5,0.0692977402209215,-0.4980723633264832,-0.4492442602123825
PTAL,PTAL_spatial_baseline__plus__SatCLIP,PTAL_spatial_baseline,PTAL_spatial,single_representation,SatCLIP,-0.006195068265927051,0.02904888016772455,2,0.03171961720669696,0.2056206525826777,2,0.0002849667092679198,0.48654449015859047,2,-0.003923913956456526,0.02730747370731379,-0.0017789669654622031
