task,model_id,analysis_role,base_feature_set,added_feature_set,n_features,validation_scheme,mean_r2,sd_r2,mean_rmse,sd_rmse,mean_mae,sd_mae,pooled_r2,pooled_rmse,pooled_mae,alpha_edge_hits,median_best_alpha,total_fit_minutes
EPC,EPC_controls_extensive,privileged_control_baseline,EPC_controls_extensive,,10,borough_grouped_nested_5fold,0.5829125126038983,0.06511389705411035,5.163770411389093,0.3518271447210052,3.6388680026482776,0.15463526417196866,0.5879670375718591,5.17187110560549,3.6380384077073713,0,1.0,0.23313031593958536
EPC,EPC_controls_extensive,privileged_control_baseline,EPC_controls_extensive,,10,geometric_region_nested_5fold,0.6015580436085897,0.05748074159161939,5.045707526523196,0.4198544474647416,3.5802846669181347,0.19642041847163866,0.5878245746172557,5.1727651316039225,3.62975475447016,0,0.0,0.3526097536087036
EPC,EPC_controls_extensive,privileged_control_baseline,EPC_controls_extensive,,10,random_nested_5fold,0.5914721759924408,0.024820000199631112,5.147702479297518,0.18052041180699568,3.6208710885008153,0.06759116941915484,0.5914073884776823,5.150234063674095,3.620871088500815,0,10.0,0.22060689926147461
EPC,EPC_controls_extensive__plus__All_representations_plus_SV_metadata,full_fusion_redundancy_check,EPC_controls_extensive,All_representations_plus_SV_metadata,1742,borough_grouped_nested_5fold,0.5714148951780444,0.06580503095346957,5.235147980247227,0.3517105712406173,3.7239695899640166,0.18304109309928215,0.5764392650205972,5.243720790660078,3.7232218584397603,0,100.0,20.066876566410066
EPC,EPC_controls_extensive__plus__All_representations_plus_SV_metadata,full_fusion_redundancy_check,EPC_controls_extensive,All_representations_plus_SV_metadata,1742,geometric_region_nested_5fold,0.5850004524971588,0.06478076910493899,5.144739523343577,0.4272700673994819,3.700038944371619,0.24331374174577144,0.5713166394702449,5.275334778849942,3.763400000940793,0,100.0,16.6833597779274
EPC,EPC_controls_extensive__plus__All_representations_plus_SV_metadata,full_fusion_redundancy_check,EPC_controls_extensive,All_representations_plus_SV_metadata,1742,random_nested_5fold,0.5816830538015803,0.029725946274139162,5.208320215108914,0.20448888877898044,3.7004234883056952,0.07680605232360434,0.5816236056574229,5.211530679907719,3.7004234883056952,0,100.0,16.247843758265176
EPC,EPC_controls_extensive__plus__TESSERA,small_positive_representation_check,EPC_controls_extensive,TESSERA,138,borough_grouped_nested_5fold,0.5887587291232729,0.06591552868744344,5.12644063358106,0.35846548956323104,3.6188976469174783,0.1759588604232172,0.5937358501739542,5.135538182925964,3.6181263318244854,0,10.0,1.258342723051707
EPC,EPC_controls_extensive__plus__TESSERA,small_positive_representation_check,EPC_controls_extensive,TESSERA,138,geometric_region_nested_5fold,0.6041825785879502,0.05748196584523051,5.028156176847278,0.4124105547113775,3.5726648737775806,0.2022702151743666,0.5910923308077485,5.152219302792256,3.6238587371206776,0,0.0,1.6092055479685465
EPC,EPC_controls_extensive__plus__TESSERA,small_positive_representation_check,EPC_controls_extensive,TESSERA,138,random_nested_5fold,0.597715731901309,0.02879651788112511,5.107555840286805,0.20460732518693553,3.595559824078214,0.08384807016245142,0.597635160618778,5.110833394629879,3.5955598240782134,0,10.0,0.9958921551704407
EPC,EPC_controls_sparse,sparse_control_baseline,EPC_controls_sparse,,8,borough_grouped_nested_5fold,0.16062546263759625,0.0323776747963175,7.347293970165653,0.18533224224384698,5.432995272398539,0.12429008416381501,0.16846774384393426,7.347189861193816,5.432178165470031,1,1.0,0.19658599297205606
EPC,EPC_controls_sparse,sparse_control_baseline,EPC_controls_sparse,,8,geometric_region_nested_5fold,0.11764261905496869,0.009398134552664795,7.526340067613565,0.3461320645897147,5.637461616262867,0.22677756360155282,0.12358034935495765,7.54288984937138,5.6261792193982,0,10000.0,0.19068671862284342
EPC,EPC_controls_sparse,sparse_control_baseline,EPC_controls_sparse,,8,random_nested_5fold,0.18256811922841645,0.021561982786057372,7.283440971503711,0.13919592756663285,5.379219139650993,0.073405124439137,0.1825961777241334,7.284504979089508,5.379219139650992,0,1.0,0.13933691183725994
EPC,EPC_controls_sparse__plus__All_representations_plus_SV_metadata,full_fusion,EPC_controls_sparse,All_representations_plus_SV_metadata,1740,borough_grouped_nested_5fold,0.3969527507922804,0.06206019395677805,6.219135326319217,0.2662074103307427,4.482162812072978,0.14888120904550564,0.40297526226290037,6.22555215266708,4.483797702679834,0,1000.0,18.7464794476827
EPC,EPC_controls_sparse__plus__All_representations_plus_SV_metadata,full_fusion,EPC_controls_sparse,All_representations_plus_SV_metadata,1740,geometric_region_nested_5fold,0.40351150604153396,0.06674778562770421,6.174575650305302,0.3522923565918802,4.464845287380223,0.25171793048231195,0.3937544848110138,6.273443367378366,4.524594160528339,0,10000.0,16.11321977376938
EPC,EPC_controls_sparse__plus__All_representations_plus_SV_metadata,full_fusion,EPC_controls_sparse,All_representations_plus_SV_metadata,1740,random_nested_5fold,0.4087111046130859,0.032630131575480996,6.193383085568394,0.20079152649118107,4.454470902354666,0.08557451424407947,0.40863244847630265,6.195986429479427,4.454470902354667,0,1000.0,15.765019992987314
EPC,EPC_controls_sparse__plus__DINOv2,aerial_single,EPC_controls_sparse,DINOv2,776,borough_grouped_nested_5fold,0.3638793909042634,0.06625067937799761,6.38775637489166,0.2860113328196341,4.574751521888933,0.12455301339805738,0.3702415122752548,6.393942511152142,4.575971891187356,0,1000.0,7.384912582238515
EPC,EPC_controls_sparse__plus__DINOv2,aerial_single,EPC_controls_sparse,DINOv2,776,geometric_region_nested_5fold,0.3687824809894744,0.060558848687604167,6.356679388475429,0.367601264772528,4.579661362967052,0.21532027991597652,0.3573158932721391,6.459226182187106,4.633309122827545,0,1000.0,6.306266967455546
EPC,EPC_controls_sparse__plus__DINOv2,aerial_single,EPC_controls_sparse,DINOv2,776,random_nested_5fold,0.3776567416729205,0.02948298142992977,6.354391673188118,0.1840046137616947,4.549271641755606,0.06997474903505618,0.37759113821007473,6.356522610247758,4.549271641755607,0,1000.0,5.998434356848398
EPC,EPC_controls_sparse__plus__Sky_and_space,compact_fusion,EPC_controls_sparse,Sky_and_space,968,borough_grouped_nested_5fold,0.39543322288803273,0.06363005747937185,6.226265556995983,0.267678130118574,4.483924414988807,0.14115706949517712,0.4015591506076829,6.232931122731805,4.48570034896343,0,1000.0,10.08024578889211
EPC,EPC_controls_sparse__plus__Sky_and_space,compact_fusion,EPC_controls_sparse,Sky_and_space,968,geometric_region_nested_5fold,0.39981325788608946,0.060931193092360725,6.195944743552384,0.33700882041209995,4.479007136009203,0.2168329510140454,0.39039652880556797,6.2907934805515815,4.532272323943757,0,1000.0,8.403687755266825
EPC,EPC_controls_sparse__plus__Sky_and_space,compact_fusion,EPC_controls_sparse,Sky_and_space,968,random_nested_5fold,0.40672579544477816,0.03438559110663851,6.20363525947095,0.21017761813207994,4.459456971873747,0.09043679204652323,0.40662710612423325,6.206482912043031,4.459456971873747,0,1000.0,8.336519575119018
PTAL,PTAL_spatial_baseline,control_baseline,PTAL_spatial_baseline,,6,borough_grouped_nested_5fold,0.4014706393500459,0.0758046350541014,8.186692028135592,1.19082901672517,5.3431915115024875,0.8156948716743857,0.4074719960103722,8.260724832600172,5.3461178419723066,0,10.0,0.08440783818562826
PTAL,PTAL_spatial_baseline,control_baseline,PTAL_spatial_baseline,,6,geometric_region_nested_5fold,-0.12912366203502396,0.5587609957149068,9.336759743209983,3.6330428147773177,6.550943870970192,1.7362737836280717,0.14241608528550354,9.938069482936067,6.534061625343787,0,1000.0,0.03674305280049642
PTAL,PTAL_spatial_baseline,control_baseline,PTAL_spatial_baseline,,6,random_nested_5fold,0.430132842970062,0.0280862118465572,8.092554685414592,0.5310808074630197,5.126181524799646,0.2223022161276674,0.4293941122789441,8.106471119839682,5.126193919726752,0,0.1,0.034815776348114016
PTAL,PTAL_spatial_baseline__plus__All_representations_plus_SV_metadata,full_fusion,PTAL_spatial_baseline,All_representations_plus_SV_metadata,1738,borough_grouped_nested_5fold,0.6931212797177969,0.0766356859674617,5.768232073177058,0.35460164895597224,3.745588433654048,0.10678852682818127,0.7098839690340851,5.780289354004994,3.745788005336472,0,1000.0,7.250864668687185
PTAL,PTAL_spatial_baseline__plus__All_representations_plus_SV_metadata,full_fusion,PTAL_spatial_baseline,All_representations_plus_SV_metadata,1738,geometric_region_nested_5fold,0.5467926853859575,0.058751914562192704,6.248925750842307,2.872162663666866,4.033825776119813,1.2624308770689467,0.6023260978678748,6.767484362589517,4.011107271970061,0,1000.0,6.462094986438752
PTAL,PTAL_spatial_baseline__plus__All_representations_plus_SV_metadata,full_fusion,PTAL_spatial_baseline,All_representations_plus_SV_metadata,1738,random_nested_5fold,0.7239058972778178,0.018092292973022,5.625760119423679,0.25263126608529046,3.635484005657972,0.07701603504664889,0.7247423140211298,5.63032472005355,3.635489355427865,0,1000.0,5.900480314095815
PTAL,PTAL_spatial_baseline__plus__DINOv2,aerial_single,PTAL_spatial_baseline,DINOv2,774,borough_grouped_nested_5fold,0.608302628188709,0.06992484519151919,6.5595022102300735,0.49450824671194576,4.257430835422795,0.1890248814284059,0.6243357346689218,6.577542427992744,4.257303188094884,0,1000.0,2.276852071285248
PTAL,PTAL_spatial_baseline__plus__DINOv2,aerial_single,PTAL_spatial_baseline,DINOv2,774,geometric_region_nested_5fold,0.45008547574014524,0.09931565972355848,6.822388806064568,3.022466757675652,4.469274868543971,1.3355444093836497,0.5299607883784432,7.3575082903348585,4.442080160532855,0,1000.0,1.9214370687802633
PTAL,PTAL_spatial_baseline__plus__DINOv2,aerial_single,PTAL_spatial_baseline,DINOv2,774,random_nested_5fold,0.641692583482827,0.027411722164196843,6.405584287313881,0.250625535191662,4.120465273757873,0.11230084902458029,0.643278531525803,6.40956179745977,4.120491949991253,0,1000.0,1.7526628057161966
PTAL,PTAL_spatial_baseline__plus__StreetView_CLIP_plus_metadata,streetview_content_plus_coverage,PTAL_spatial_baseline,StreetView_CLIP_plus_metadata,522,borough_grouped_nested_5fold,0.6633870487861233,0.07611521290231665,6.060276278787315,0.5098387366984322,3.8072143936651224,0.16019063744303402,0.6788288635602178,6.08179769627022,3.80748622945422,0,1000.0,1.525207273165385
PTAL,PTAL_spatial_baseline__plus__StreetView_CLIP_plus_metadata,streetview_content_plus_coverage,PTAL_spatial_baseline,StreetView_CLIP_plus_metadata,522,geometric_region_nested_5fold,0.53962542663715,0.05699137654911652,6.285507227371581,2.8092457852231374,3.9775499111310957,1.3676796024604372,0.6022362551211042,6.768248776653419,3.9503300224319715,0,1000.0,1.3311798532803854
PTAL,PTAL_spatial_baseline__plus__StreetView_CLIP_plus_metadata,streetview_content_plus_coverage,PTAL_spatial_baseline,StreetView_CLIP_plus_metadata,522,random_nested_5fold,0.6879338583843632,0.021313874944313027,5.98609717601436,0.39878589415434434,3.7463451779899493,0.1407438548242457,0.6877488950582651,5.996746736711452,3.746355432825988,0,1000.0,1.2697051525115968
PTAL,PTAL_spatial_baseline__plus__Street_and_sky,compact_fusion,PTAL_spatial_baseline,Street_and_sky,1286,borough_grouped_nested_5fold,0.6773925079382256,0.07218245095169502,5.930346934148283,0.4093223870915557,3.8628553805360637,0.13983369045275745,0.6930523278373772,5.945602732896323,3.8631425840836457,0,1000.0,4.607326233386994
PTAL,PTAL_spatial_baseline__plus__Street_and_sky,compact_fusion,PTAL_spatial_baseline,Street_and_sky,1286,geometric_region_nested_5fold,0.5240237973242712,0.062059708965734775,6.411234507669073,2.9672408444550338,4.123469422558861,1.321063536310595,0.5807102197771379,6.9489766771370425,4.098046119862992,0,1000.0,3.866270653406779
PTAL,PTAL_spatial_baseline__plus__Street_and_sky,compact_fusion,PTAL_spatial_baseline,Street_and_sky,1286,random_nested_5fold,0.7036821840458197,0.021147971783855767,5.829237483583582,0.31412724107002515,3.7825358254100374,0.094224999237734,0.7042602502722647,5.836044114442888,3.782547516074761,0,1000.0,3.684668783346812
